{"cameraMode":{"drawMode":0,"name":"Shaded","section":"Shading Mode"},"sceneLighting":false,"audioPlay":false,"sceneViewState":{"m_AlwaysRefresh":false,"showFog":true,"showSkybox":false,"showFlares":true,"showImageEffects":true,"showParticleSystems":true,"showVisualEffectGraphs":true,"m_FxEnabled":true},"in2DMode":false,"pivot":{"x":-2.2440245151519777,"y":1.608436942100525,"z":1.1383723020553589},"rotation":{"x":-0.007799719925969839,"y":-0.9881439805030823,"z":0.13398389518260957,"w":-0.06856844574213028},"size":0.11286289244890213,"orthographic":false}