{"cameraMode":{"drawMode":0,"name":"Shaded","section":"Shading Mode"},"sceneLighting":true,"audioPlay":false,"sceneViewState":{"m_AlwaysRefresh":true,"showFog":true,"showSkybox":true,"showFlares":true,"showImageEffects":true,"showParticleSystems":true,"showVisualEffectGraphs":true,"m_FxEnabled":true},"in2DMode":false,"pivot":{"x":2.9549999237060549,"y":1.2109999656677247,"z":3.0510001182556154},"rotation":{"x":-0.004793121945112944,"y":-0.9895265698432922,"z":0.13358433544635774,"w":-0.039229605346918109},"size":0.2604844570159912,"orthographic":false}